cl_type,cl_id,book,chapter,verse,clause_type_etcbc,clause_rela,book2,ebh_lbh,genre,txt_type,s_p_order,CP,cl_len,subj_type,subj_det,subj_len,pc_type,pc_det,pc_len,main_sub,nega,language,subgenre,Adju,Cmpl,Conj,EPPr,ExsS,Exst,Frnt,IntS,Intj,Loca,ModS,Modi,NCoS,NCop,Nega,Objc,PrAd,PrcS,PreO,PreS,PtcO,Ques,Rela,Supp,Time,Voct,Unkn,mother
nom,13945,1QM,1,9,NmCl,NA_,1QM,Qumranic,prose,?,SP,W,4,NP,und,1,PP,det,2,Main,neg,Hebrew,_,0,0,1,0,0,0,0,0,0,0,0,0,0,0,1,0,0,0,0,0,0,0,0,0,0,0,0,perf
nom,13948,1QM,1,10,NmCl,NA_,1QM,Qumranic,prose,?,PS,no_conj,2,NP,und,1,PP,und,2,Main,non_neg,Hebrew,_,0,0,0,0,0,0,0,0,0,0,0,0,0,0,0,0,0,0,0,0,0,0,0,0,0,0,0,perf
hyh,13949,1QM,1,11,WXYq,NA_,1QM,Qumranic,prose,?,SP,W,4,NP,und,1,PP,und,3,Main,neg,Hebrew,_,0,0,1,0,0,0,0,0,0,0,0,0,0,0,1,0,0,0,0,0,0,0,0,0,0,0,0,perf
nom,13955,1QM,1,14,NmCl,NA_,1QM,Qumranic,prose,?,SP,W,4,NP,und,4,PP,det,4,Main,non_neg,Hebrew,_,0,0,1,0,0,0,0,0,0,0,0,0,0,0,0,0,0,0,0,0,0,0,0,0,1,0,0,impf
nom,13957,1QM,1,14,NmCl,NA_,1QM,Qumranic,prose,?,SP,KJ,3,PPrP,det,1,NP,und,1,SubAdv,non_neg,Hebrew,_,0,0,1,0,0,0,0,0,0,0,0,0,0,0,0,0,0,0,0,0,0,0,0,0,0,0,0,nominal
nom,13961,1QM,1,17,NmCl,NA_,1QM,Qumranic,prose,?,SP,W,3,PPrP,det,1,NP,und,2,Main,non_neg,Hebrew,_,0,0,1,0,0,0,0,0,0,0,0,0,0,0,0,0,0,0,0,0,0,0,0,0,0,0,0,impf
hyh,14010,1QM,2,10,Ptcp,NA_,1QM,Qumranic,prose,D,SP,W,7,NP,det,9,VP,NA,1,Main,non_neg,Hebrew,_,1,1,1,0,0,0,0,0,0,0,0,0,0,0,0,1,0,0,0,0,0,0,0,0,1,0,0,no_mother
nom,14018,1QM,2,12,NmCl,NA_,1QM,Qumranic,prose,D,SP,KJ,4,NP,und,2,PP,det,2,SubAdv,non_neg,Hebrew,_,0,0,1,1,0,0,0,0,0,0,0,0,0,0,0,0,0,0,0,0,0,0,0,0,0,0,0,impf
nom,14021,1QM,2,14,NmCl,NA_,1QM,Qumranic,prose,D,SP,W,3,NP,det,3,PP,und,6,Main,non_neg,Hebrew,_,0,0,1,0,0,0,0,0,0,0,0,0,0,0,0,0,0,0,0,0,0,0,0,0,0,0,0,impf
nom,14057,1QM,3,7,NmCl,NA_,1QM,Qumranic,prose,Q,SP,no_conj,2,NP,und,2,PP,und,3,Main,non_neg,Hebrew,_,0,0,0,0,0,0,0,0,0,0,0,0,0,0,0,0,0,0,0,0,0,0,0,0,0,0,0,impf
nom,14059,1QM,3,8,NmCl,NA_,1QM,Qumranic,prose,Q,SP,no_conj,2,NP,und,2,PP,det,4,Main,non_neg,Hebrew,_,0,0,0,0,0,0,0,0,0,0,0,0,0,0,0,0,0,0,0,0,0,0,0,0,0,0,0,impf
nom,14068,1QM,3,10,NmCl,NA_,1QM,Qumranic,prose,Q,SP,no_conj,2,NP,und,3,PP,det,8,Main,non_neg,Hebrew,_,0,0,0,0,0,0,0,0,0,0,0,0,0,0,0,0,0,0,0,0,0,0,0,0,0,0,0,impf
nom,14072,1QM,3,11,NmCl,NA_,1QM,Qumranic,prose,Q,SP,no_conj,2,NP,und,2,PP,und,3,Main,non_neg,Hebrew,_,0,0,0,0,0,0,0,0,0,0,0,0,0,0,0,0,0,0,0,0,0,0,0,0,0,0,0,impf
nom,14074,1QM,3,12,NmCl,NA_,1QM,Qumranic,prose,Q,SP,no_conj,2,NP,und,3,PP,det,3,Main,non_neg,Hebrew,_,0,0,0,0,0,0,0,0,0,0,0,0,0,0,0,0,0,0,0,0,0,0,0,0,0,0,0,impf
nom,14089,1QM,3,16,NmCl,NA_,1QM,Qumranic,prose,Q,SP,no_conj,2,NP,und,2,PP,und,3,Main,non_neg,Hebrew,_,0,0,0,0,0,0,0,0,0,0,0,0,0,0,0,0,0,0,0,0,0,0,0,0,0,0,0,impf
nom,14109,1QM,4,9,NmCl,NA_,1QM,Qumranic,prose,Q,SP,no_conj,2,NP,und,2,PP,und,10,Main,non_neg,Hebrew,_,0,0,0,0,0,0,0,0,0,0,0,0,0,0,0,0,0,0,0,0,0,0,0,0,0,0,0,impf
nom,14113,1QM,4,10,NmCl,NA_,1QM,Qumranic,prose,Q,PS,no_conj,2,NP,und,6,PP,und,3,Main,non_neg,Hebrew,_,0,0,0,0,0,0,0,0,0,0,0,0,0,0,0,0,0,0,0,0,0,0,0,0,0,0,0,impf
nom,14185,1QM,4,30,NmCl,NA_,1QM,Qumranic,prose,?,SP,no_conj,2,NP,und,1,NP,und,3,Main,non_neg,Hebrew,_,0,0,0,0,0,0,0,0,0,0,0,0,0,0,0,0,0,0,0,0,0,0,0,0,0,0,0,nominal
nom,14202,1QM,5,1,NmCl,NA_,1QM,Qumranic,prose,?,SP,no_conj,2,NP,und,1,PP,det,5,Main,non_neg,Hebrew,_,0,0,0,0,0,0,0,0,0,0,0,0,0,0,0,0,0,0,0,0,0,0,0,0,0,0,0,no_mother
nom,14206,1QM,5,3,NmCl,NA_,1QM,Qumranic,prose,?,SP,W,3,NP,und,3,PP,det,5,Main,non_neg,Hebrew,_,0,0,1,0,0,0,0,0,0,0,0,0,0,0,0,0,0,0,0,0,0,0,0,0,0,0,0,impf
nom,14208,1QM,5,3,NmCl,NA_,1QM,Qumranic,prose,?,SP,no_conj,2,NP,und,2,PP,und,2,Main,non_neg,Hebrew,_,0,0,0,0,0,0,0,0,0,0,0,0,0,0,0,0,0,0,0,0,0,0,0,0,0,0,0,nominal
nom,14212,1QM,5,6,NmCl,NA_,1QM,Qumranic,prose,?,SP,no_conj,2,NP,det,3,NP,und,3,Main,non_neg,Hebrew,_,0,0,0,0,0,0,0,0,0,0,0,0,0,0,0,0,0,0,0,0,0,0,0,0,0,0,0,ptcp
nom,14213,1QM,5,6,NmCl,Coor_,1QM,Qumranic,prose,?,SP,W,3,NP,det,2,NP,und,3,Main,non_neg,Hebrew,_,0,0,1,0,0,0,0,0,0,0,0,0,0,0,0,0,0,0,0,0,0,0,0,0,0,0,0,nominal
nom,14214,1QM,5,7,NmCl,NA_,1QM,Qumranic,prose,?,PS,W,3,NP,und,3,PP,det,3,Main,non_neg,Hebrew,_,0,0,1,0,0,0,0,0,0,0,0,0,0,0,0,0,0,0,0,0,0,0,0,0,0,0,0,ptca
nom,14215,1QM,5,8,NmCl,NA_,1QM,Qumranic,prose,?,SP,no_conj,2,NP,det,3,NP,und,2,Main,non_neg,Hebrew,_,0,0,0,0,0,0,0,0,0,0,0,0,0,0,0,0,0,0,0,0,0,0,0,0,0,0,0,nominal
nom,14216,1QM,5,8,NmCl,NA_,1QM,Qumranic,prose,?,SP,no_conj,3,NP,det,5,NP,det,3,Main,non_neg,Hebrew,_,1,0,0,0,0,0,0,0,0,0,0,0,0,0,0,0,0,0,0,0,0,0,0,0,0,0,0,nominal
nom,14218,1QM,5,10,NmCl,NA_,1QM,Qumranic,prose,?,PS,W,4,NP,und,9,PP,det,9,Main,non_neg,Hebrew,_,1,0,1,0,0,0,0,0,0,0,0,0,0,0,0,0,0,0,0,0,0,0,0,0,0,0,0,ptca
nom,14220,1QM,5,12,NmCl,NA_,1QM,Qumranic,prose,?,SP,W,3,NP,det,2,NP,und,6,Main,non_neg,Hebrew,_,0,0,1,0,0,0,0,0,0,0,0,0,0,0,0,0,0,0,0,0,0,0,0,0,0,0,0,nominal
nom,14221,1QM,5,13,NmCl,NA_,1QM,Qumranic,prose,?,SP,W,3,NP,und,3,PP,det,4,Main,non_neg,Hebrew,_,0,0,1,0,0,0,0,0,0,0,0,0,0,0,0,0,0,0,0,0,0,0,0,0,0,0,0,nominal
nom,14223,1QM,5,14,NmCl,NA_,1QM,Qumranic,prose,?,SP,W,3,NP,det,2,NP,und,2,Main,non_neg,Hebrew,_,0,0,1,0,0,0,0,0,0,0,0,0,0,0,0,0,0,0,0,0,0,0,0,0,0,0,0,nominal
nom,14227,1QM,5,16,AjCl,NA_,1QM,Qumranic,prose,?,SP,W,3,NP,und,1,AdjP,NA,4,Main,non_neg,Hebrew,_,0,0,1,0,0,0,0,0,0,0,0,0,0,0,0,0,0,0,0,0,0,0,0,0,0,0,0,nominal
nom,14228,1QM,5,16,NmCl,NA_,1QM,Qumranic,prose,?,SP,no_conj,2,NP,und,1,PP,det,2,Main,non_neg,Hebrew,_,0,0,0,0,0,0,0,0,0,0,0,0,0,0,0,0,0,0,0,0,0,0,0,0,0,0,0,nominal
nom,14229,1QM,5,16,NmCl,NA_,1QM,Qumranic,prose,?,SP,W,3,NP,und,1,PP,det,2,Undc,non_neg,Hebrew,_,0,0,1,0,0,0,0,0,0,0,0,0,0,0,0,0,0,0,0,0,0,0,0,0,0,0,0,nominal
nom,14230,1QM,5,17,NmCl,NA_,1QM,Qumranic,prose,?,SP,no_conj,2,NP,det,3,NP,und,3,Undc,non_neg,Hebrew,_,0,0,0,0,0,0,0,0,0,0,0,0,0,0,0,0,0,0,0,0,0,0,0,0,0,0,0,nominal
nom,14231,1QM,5,17,NmCl,NA_,1QM,Qumranic,prose,?,SP,W,3,NP,det,2,NP,und,2,Undc,non_neg,Hebrew,_,0,0,1,0,0,0,0,0,0,0,0,0,0,0,0,0,0,0,0,0,0,0,0,0,0,0,0,nominal
nom,14232,1QM,5,18,NmCl,NA_,1QM,Qumranic,prose,?,SP,W,3,NP,det,2,NP,und,2,Undc,non_neg,Hebrew,_,0,0,1,0,0,0,0,0,0,0,0,0,0,0,0,0,0,0,0,0,0,0,0,0,0,0,0,nominal
nom,14233,1QM,5,18,NmCl,NA_,1QM,Qumranic,prose,?,SP,W,3,NP,und,2,PP,det,3,Main,non_neg,Hebrew,_,0,0,1,0,0,0,0,0,0,0,0,0,0,0,0,0,0,0,0,0,0,0,0,0,0,0,0,nominal
nom,14234,1QM,5,19,NmCl,NA_,1QM,Qumranic,prose,?,SP,W,5,NP,det,2,NP,und,1,Main,non_neg,Hebrew,_,1,0,1,0,0,0,0,0,0,0,0,0,0,0,0,0,0,0,0,0,0,0,0,0,0,0,0,nominal
nom,14235,1QM,5,20,NmCl,NA_,1QM,Qumranic,prose,?,SP,W,3,NP,det,3,NP,und,14,Undc,non_neg,Hebrew,_,0,0,1,0,0,0,0,0,0,0,0,0,0,0,0,0,0,0,0,0,0,0,0,0,0,0,0,nominal
nom,14250,1QM,5,27,NmCl,NA_,1QM,Qumranic,prose,Q,SP,no_conj,2,NP,und,2,PP,und,3,Main,non_neg,Hebrew,_,0,0,0,0,0,0,0,0,0,0,0,0,0,0,0,0,0,0,0,0,0,0,0,0,0,0,0,impf
hyh,14265,1QM,5,34,WQtX,NA_,1QM,Qumranic,prose,?,PS,W,3,NP,det,2,PP,det,3,Main,non_neg,Hebrew,_,0,0,1,0,0,0,0,0,0,0,0,0,0,0,0,0,0,0,0,0,0,0,0,0,0,0,0,impf
nom,14274,1QM,5,37,NmCl,NA_,1QM,Qumranic,prose,D,SP,no_conj,2,NP,det,2,NP,und,5,Main,non_neg,Hebrew,_,0,0,0,0,0,0,0,0,0,0,0,0,0,0,0,0,0,0,0,0,0,0,0,0,0,0,0,impf
nom,14275,1QM,5,38,NmCl,NA_,1QM,Qumranic,prose,D,SP,W,3,NP,und,5,PP,det,5,Main,non_neg,Hebrew,_,0,0,1,0,0,0,0,0,0,0,0,0,0,0,0,0,0,0,0,0,0,0,0,0,0,0,0,nominal
nom,14276,1QM,5,38,NmCl,NA_,1QM,Qumranic,prose,D,SP,no_conj,2,NP,und,1,PP,det,5,Undc,non_neg,Hebrew,_,0,0,0,0,0,0,0,0,0,0,0,0,0,0,0,0,0,0,0,0,0,0,0,0,0,0,0,nominal
hyh,14277,1QM,5,38,WYqX,NA_,1QM,Qumranic,prose,D,SP,W,3,NP,det,7,NP,und,2,Undc,non_neg,Hebrew,_,0,0,1,0,0,0,0,0,0,0,0,0,0,0,0,0,0,0,0,0,0,0,0,0,0,0,0,impf
nom,14279,1QM,5,39,NmCl,NA_,1QM,Qumranic,prose,D,SP,no_conj,2,NP,det,3,NP,und,10,Main,non_neg,Hebrew,_,0,0,0,0,0,0,0,0,0,0,0,0,0,0,0,0,0,0,0,0,0,0,0,0,0,0,0,impf
nom,14289,1QM,5,40,NmCl,NA_,1QM,Qumranic,prose,D,SP,W,3,NP,det,3,PP,und,9,Main,non_neg,Hebrew,_,0,0,1,0,0,0,0,0,0,0,0,0,0,0,0,0,0,0,0,0,0,0,0,0,0,0,0,ptca
hyh,14290,1QM,5,41,WXYq,NA_,1QM,Qumranic,prose,D,SP,W,3,NP,det,3,PP,und,8,Main,non_neg,Hebrew,_,0,0,1,0,0,0,0,0,0,0,0,0,0,0,0,0,0,0,0,0,0,0,0,0,0,0,0,impf
nom,14303,1QM,5,44,NmCl,NA_,1QM,Qumranic,prose,D,SP,no_conj,2,DPrP,det,1,PPrP,det,1,Main,non_neg,Hebrew,_,0,0,0,0,0,0,0,0,0,0,0,0,0,0,0,0,0,0,0,0,0,0,0,0,0,0,0,nominal
hyh,14305,1QM,5,46,WXYq,NA_,1QM,Qumranic,prose,D,SP,W,3,NP,det,3,PP,und,8,Main,non_neg,Hebrew,_,0,0,1,0,0,0,0,0,0,0,0,0,0,0,0,0,0,0,0,0,0,0,0,0,0,0,0,no_mother
hyh,14309,1QM,5,48,ZYqX,Resu_,1QM,Qumranic,prose,D,SP,no_conj,2,PPrP,det,2,PP,und,8,Main,non_neg,Hebrew,_,0,0,0,0,0,0,0,0,0,0,0,0,0,0,0,0,0,0,0,0,0,0,0,0,0,0,0,no_pred
hyh,14316,1QM,5,49,XYqt,Resu_,1QM,Qumranic,prose,D,SP,no_conj,2,NP,det,2,PP,und,10,Main,non_neg,Hebrew,_,0,0,0,0,0,0,0,0,0,0,0,0,0,0,0,0,0,0,0,0,0,0,0,0,0,0,0,no_pred
nom,14322,1QM,5,51,NmCl,Attr_,1QM,Qumranic,prose,D,SP,>CR,3,NP,und,2,PP,det,3,SubMod,non_neg,Hebrew,_,0,0,0,0,0,0,0,0,0,0,0,0,0,0,0,0,0,0,0,0,0,0,1,0,0,0,0,no_pred
hyh,14325,1QM,5,52,XYqt,NA_,1QM,Qumranic,prose,D,SP,no_conj,2,NP,det,2,NP,und,8,Main,non_neg,Hebrew,_,0,0,0,0,0,0,0,0,0,0,0,0,0,0,0,0,0,0,0,0,0,0,0,0,0,0,0,no_pred
nom,14329,1QM,5,53,NmCl,NA_,1QM,Qumranic,prose,D,SP,KJ,3,NP,und,2,PP,det,4,SubAdv,non_neg,Hebrew,_,0,0,1,0,0,0,0,0,0,0,0,0,0,0,0,0,0,0,0,0,0,0,0,0,0,0,0,impf
hyh,14330,1QM,5,54,WXYq,NA_,1QM,Qumranic,prose,D,SP,W,4,NP,und,1,PP,det,8,Main,non_neg,Hebrew,_,1,0,1,0,0,0,0,0,0,0,0,0,0,0,0,0,0,0,0,0,0,0,0,0,0,0,0,impf
nom,14337,1QM,6,1,NmCl,NA_,1QM,Qumranic,prose,?,SP,W,3,NP,und,2,PP,det,3,Main,non_neg,Hebrew,_,0,0,1,0,0,0,0,0,0,0,0,0,0,0,0,0,0,0,0,0,0,0,0,0,0,0,0,ptca
hyh,14340,1QM,6,2,XYqt,NA_,1QM,Qumranic,prose,?,SP,no_conj,3,NP,det,4,VP,NA,1,Main,non_neg,Hebrew,_,0,1,0,0,0,0,0,0,0,0,0,0,0,0,0,0,0,0,0,0,0,0,0,0,0,0,0,impf
nom,14345,1QM,6,4,NmCl,NA_,1QM,Qumranic,prose,?,PS,W,3,NP,det,4,PP,det,3,Main,non_neg,Hebrew,_,0,0,1,0,0,0,0,0,0,0,0,0,0,0,0,0,0,0,0,0,0,0,0,0,0,0,0,impf
nom,14346,1QM,6,5,NmCl,NA_,1QM,Qumranic,prose,?,SP,W,3,NP,und,5,PP,det,7,Main,non_neg,Hebrew,_,0,0,1,0,0,0,0,0,0,0,0,0,0,0,0,0,0,0,0,0,0,0,0,0,0,0,0,impf
hyh,14358,1QM,6,10,XYqt,NA_,1QM,Qumranic,prose,?,SP,no_conj,2,NP,det,2,VP,NA,1,Main,non_neg,Hebrew,_,0,0,0,0,0,0,0,0,0,0,0,0,0,0,0,0,0,0,0,0,0,0,0,0,0,0,0,impf
nom,14368,1QM,6,12,NmCl,NA_,1QM,Qumranic,prose,?,PS,W,4,NP,det,3,PP,det,3,Main,non_neg,Hebrew,_,1,0,1,0,0,0,0,0,0,0,0,0,0,0,0,0,0,0,0,0,0,0,0,0,0,0,0,perf
hyh,14370,1QM,6,14,WXYq,NA_,1QM,Qumranic,prose,?,SP,W,4,NP,det,2,VP,NA,1,Main,non_neg,Hebrew,_,0,1,1,0,0,0,0,0,0,0,0,0,0,0,0,0,0,0,0,0,0,0,0,0,0,0,0,perf
hyh,14408,1QM,6,26,WXYq,NA_,1QM,Qumranic,prose,?,SP,W,4,NP,det,2,VP,NA,1,Undc,non_neg,Hebrew,_,0,1,1,0,0,0,0,0,0,0,0,0,0,0,0,0,0,0,0,0,0,0,0,0,0,0,0,impf
nom,14419,1QM,6,28,NmCl,NA_,1QM,Qumranic,prose,?,SP,no_conj,2,NP,det,13,NP,und,2,Main,non_neg,Hebrew,_,0,0,0,0,0,0,0,0,0,0,0,0,0,0,0,0,0,0,0,0,0,0,0,0,0,0,0,perf
hyh,14427,1QM,6,32,WxYX,NA_,1QM,Qumranic,prose,?,SP,W,4,NP,det,2,VP,NA,1,Main,non_neg,Hebrew,_,1,0,1,0,0,0,0,0,0,0,0,0,0,0,0,0,0,0,0,0,0,0,0,0,0,0,0,perf
nom,14431,1QM,6,32,AjCl,NA_,1QM,Qumranic,prose,?,PS,KJ,3,PPrP,det,1,AdjP,NA,1,SubAdv,non_neg,Hebrew,_,0,0,1,0,0,0,0,0,0,0,0,0,0,0,0,0,0,0,0,0,0,0,0,0,0,0,0,impf
hyh,14448,1QM,6,36,ZYqX,Resu_,1QM,Qumranic,prose,?,SP,no_conj,2,NP,und,1,NP,und,2,Main,non_neg,Hebrew,_,0,0,0,0,0,0,0,0,0,0,0,0,0,0,0,0,0,0,0,0,0,0,0,0,0,0,0,no_pred
nom,14450,1QM,6,36,NmCl,Resu_,1QM,Qumranic,prose,?,SP,no_conj,2,NP,und,1,NP,und,2,Main,non_neg,Hebrew,_,0,0,0,0,0,0,0,0,0,0,0,0,0,0,0,0,0,0,0,0,0,0,0,0,0,0,0,no_pred
nom,14455,1QM,6,39,NmCl,NA_,1QM,Qumranic,prose,?,SP,W,3,NP,und,2,PP,det,3,Main,non_neg,Hebrew,_,0,0,1,0,0,0,0,0,0,0,0,0,0,0,0,0,0,0,0,0,0,0,0,0,0,0,0,no_pred
nom,14456,1QM,6,39,NmCl,NA_,1QM,Qumranic,prose,?,SP,no_conj,2,NP,und,1,PP,det,3,Undc,non_neg,Hebrew,_,0,0,0,0,0,0,0,0,0,0,0,0,0,0,0,0,0,0,0,0,0,0,0,0,0,0,0,nominal
nom,14457,1QM,6,39,NmCl,NA_,1QM,Qumranic,prose,?,SP,W,3,NP,und,1,PP,det,3,Undc,non_neg,Hebrew,_,0,0,1,0,0,0,0,0,0,0,0,0,0,0,0,0,0,0,0,0,0,0,0,0,0,0,0,nominal
nom,14476,1QM,7,2,NmCl,Objc_,1QM,Qumranic,prose,Q,SP,KJ,4,PPrP,det,1,NP,und,4,SubArg,non_neg,Hebrew,_,0,0,1,0,0,0,0,0,0,1,0,0,0,0,0,0,0,0,0,0,0,0,0,0,0,0,0,perf
nom,14509,1QM,7,8,NmCl,NA_,1QM,Qumranic,prose,Q,SP,no_conj,2,IPrP,und,8,PP,det,2,Main,non_neg,Hebrew,_,0,0,0,0,0,0,0,0,0,0,0,0,0,0,0,0,0,0,0,0,0,0,0,0,0,0,0,perf
nom,14512,1QM,7,9,NmCl,NA_,1QM,Qumranic,prose,Q,SP,W,3,IPrP,und,1,PP,det,4,Main,non_neg,Hebrew,_,0,0,1,0,0,0,0,0,0,0,0,0,0,0,0,0,0,0,0,0,0,0,0,0,0,0,0,nominal
nom,14539,1QM,7,14,NmCl,NA_,1QM,Qumranic,prose,Q,PS,KJ,4,NP,det,2,PP,det,2,Main,non_neg,Hebrew,_,0,0,1,0,0,0,0,0,0,0,0,1,0,0,0,0,0,0,0,0,0,0,0,0,0,0,0,no_mother
nom,14545,1QM,7,17,NmCl,NA_,1QM,Qumranic,prose,Q,PS,KJ,3,NP,det,2,PP,det,2,Undc,non_neg,Hebrew,_,0,0,1,0,0,0,0,0,0,0,0,0,0,0,0,0,0,0,0,0,0,0,0,0,0,0,0,nominal
nom,14551,1QM,7,20,NmCl,NA_,1QM,Qumranic,prose,Q,PS,no_conj,2,NP,det,2,PP,det,2,Main,non_neg,Hebrew,_,0,0,0,0,0,0,0,0,0,0,0,0,0,0,0,0,0,0,0,0,0,0,0,0,0,0,0,nominal
nom,14552,1QM,7,20,NmCl,NA_,1QM,Qumranic,prose,Q,PS,W,3,NP,det,2,PP,det,3,Main,non_neg,Hebrew,_,0,0,1,0,0,0,0,0,0,0,0,0,0,0,0,0,0,0,0,0,0,0,0,0,0,0,0,nominal
hyh,14564,1QM,7,23,WQtX,NA_,1QM,Qumranic,prose,Q,SP,W,3,NP,und,1,NP,und,1,Undc,non_neg,Hebrew,_,0,0,1,0,0,0,0,0,0,0,0,0,0,0,0,0,0,0,0,0,0,0,0,0,0,0,0,perf
nom,14606,1QM,7,31,NmCl,NA_,1QM,Qumranic,prose,Q,SP,KJ,4,NP,und,2,PP,det,3,SubAdv,non_neg,Hebrew,_,0,0,1,0,0,0,0,0,0,0,0,1,0,0,0,0,0,0,0,0,0,0,0,0,0,0,0,impf
nom,14607,1QM,7,31,NmCl,NA_,1QM,Qumranic,prose,Q,SP,W,3,NP,und,2,PP,det,4,Main,non_neg,Hebrew,_,0,0,1,0,0,0,0,0,0,0,0,0,0,0,0,0,0,0,0,0,0,0,0,0,0,0,0,nominal
nom,14613,1QM,7,33,NmCl,NA_,1QM,Qumranic,prose,Q,SP,no_conj,3,NP,det,4,PP,det,2,Main,non_neg,Hebrew,_,1,0,0,0,0,0,0,0,0,0,0,0,0,0,0,0,0,0,0,0,0,0,0,0,0,0,0,perf
nom,14633,1QM,7,35,NmCl,NA_,1QM,Qumranic,prose,Q,SP,W,4,NP,det,3,PP,det,3,Main,non_neg,Hebrew,_,1,0,1,0,0,0,0,0,0,0,0,0,0,0,0,0,0,0,0,0,0,0,0,0,0,0,0,nominal
nom,14637,1QM,7,37,AjCl,NA_,1QM,Qumranic,prose,Q,PS,KJ,3,PrNP,det,1,AdjP,NA,1,SubAdv,non_neg,Hebrew,_,0,0,1,0,0,0,0,0,0,0,0,0,0,0,0,0,0,0,0,0,0,0,0,0,0,0,0,nominal
nom,14638,1QM,7,37,NmCl,NA_,1QM,Qumranic,prose,Q,SP,W,4,NP,det,3,PP,det,2,Main,non_neg,Hebrew,_,1,0,1,0,0,0,0,0,0,0,0,0,0,0,0,0,0,0,0,0,0,0,0,0,0,0,0,nominal
nom,14640,1QM,7,38,NmCl,NA_,1QM,Qumranic,prose,Q,SP,no_conj,2,NP,und,2,PP,det,3,Main,non_neg,Hebrew,_,0,0,0,0,0,0,0,0,0,0,0,0,0,0,0,0,0,0,0,0,0,0,0,0,0,0,0,nominal
nom,14641,1QM,7,39,NmCl,NA_,1QM,Qumranic,prose,Q,SP,W,3,NP,det,3,PP,det,3,Main,non_neg,Hebrew,_,0,0,1,0,0,0,0,0,0,0,0,0,0,0,0,0,0,0,0,0,0,0,0,0,0,0,0,nominal
nom,14642,1QM,7,39,NmCl,NA_,1QM,Qumranic,prose,Q,SP,W,3,NP,det,3,PP,det,3,Main,non_neg,Hebrew,_,0,0,1,0,0,0,0,0,0,0,0,0,0,0,0,0,0,0,0,0,0,0,0,0,0,0,0,nominal
nom,14661,1QM,7,45,NmCl,NA_,1QM,Qumranic,prose,Q,SP,no_conj,2,NP,und,2,PP,det,3,Main,non_neg,Hebrew,_,0,0,0,0,0,0,0,0,0,0,0,0,0,0,0,0,0,0,0,0,0,0,0,0,0,0,0,no_pred
nom,14662,1QM,7,45,NmCl,NA_,1QM,Qumranic,prose,Q,SP,no_conj,2,NP,und,6,PP,det,3,Undc,non_neg,Hebrew,_,0,0,0,0,0,0,0,0,0,0,0,0,0,0,0,0,0,0,0,0,0,0,0,0,0,0,0,nominal
nom,14703,1QM,8,5,NmCl,NA_,1QM,Qumranic,prose,Q,SP,KJ,3,PPrP,det,1,NP,und,2,SubAdv,non_neg,Hebrew,_,0,0,1,0,0,0,0,0,0,0,0,0,0,0,0,0,0,0,0,0,0,0,0,0,0,0,0,ptca
nom,14704,1QM,8,5,NmCl,NA_,1QM,Qumranic,prose,Q,SP,W,3,NP,und,2,PP,und,3,Main,non_neg,Hebrew,_,0,0,1,0,0,0,0,0,0,0,0,0,0,0,0,0,0,0,0,0,0,0,0,0,0,0,0,nominal
nom,14708,1QM,8,7,NmCl,NA_,1QM,Qumranic,prose,Q,SP,W,3,PPrP,det,1,NP,und,1,Main,non_neg,Hebrew,_,0,0,1,0,0,0,0,0,0,0,0,0,0,0,0,0,0,0,0,0,0,0,0,0,0,0,0,impf
hyh,14714,1QM,8,8,WxQX,NA_,1QM,Qumranic,prose,Q,PS,W,3,NP,und,1,PP,det,5,Main,non_neg,Hebrew,_,0,0,1,0,0,0,0,0,0,0,0,0,0,0,0,0,0,0,0,0,0,0,0,0,0,0,0,impf
nom,14727,1QM,8,10,NmCl,NA_,1QM,Qumranic,prose,Q,SP,W,3,NP,und,3,PP,det,3,Main,non_neg,Hebrew,_,0,0,1,0,0,0,0,0,0,0,0,0,0,0,0,0,0,0,0,0,0,0,0,0,0,0,0,perf
nom,14736,1QM,8,13,NmCl,NA_,1QM,Qumranic,prose,Q,PS,W,4,NP,det,2,PP,det,2,Main,non_neg,Hebrew,_,1,0,1,0,0,0,0,0,0,0,0,0,0,0,0,0,0,0,0,0,0,0,0,0,0,0,0,impf
nom,14740,1QM,8,15,NmCl,NA_,1QM,Qumranic,prose,Q,SP,no_conj,3,IPrP,und,1,PP,det,2,Main,non_neg,Hebrew,_,1,0,0,0,0,0,0,0,0,0,0,0,0,0,0,0,0,0,0,0,0,0,0,0,0,0,0,no_pred
nom,14742,1QM,8,15,NmCl,NA_,1QM,Qumranic,prose,Q,PS,W,3,NP,det,3,PP,und,2,Main,non_neg,Hebrew,_,0,0,1,0,0,0,0,0,0,0,0,0,0,0,0,0,0,0,0,0,0,0,0,0,0,0,0,nominal
nom,14743,1QM,8,16,NmCl,NA_,1QM,Qumranic,prose,Q,SP,W,3,IPrP,und,4,PP,und,2,Main,non_neg,Hebrew,_,0,0,1,0,0,0,0,0,0,0,0,0,0,0,0,0,0,0,0,0,0,0,0,0,0,0,0,nominal
nom,14798,1QM,9,10,NmCl,NA_,1QM,Qumranic,prose,D,PS,W,4,NP,und,1,PP,det,4,Main,neg,Hebrew,_,0,0,1,0,0,0,0,0,0,0,0,0,0,0,1,0,0,0,0,0,0,0,0,0,0,0,0,impf
nom,14799,1QM,9,11,NmCl,NA_,1QM,Qumranic,prose,Q,SP,W,3,PPrP,det,1,NP,und,1,Main,non_neg,Hebrew,_,0,0,1,0,0,0,0,0,0,0,0,0,0,0,0,0,0,0,0,0,0,0,0,0,0,0,0,ptcp
nom,14815,1QM,9,17,NmCl,NA_,1QM,Qumranic,prose,Q,PS,no_conj,3,NP,und,1,PP,det,4,Main,neg,Hebrew,_,0,0,0,0,0,0,0,0,0,0,0,0,0,1,0,0,0,0,0,0,0,0,0,0,0,0,0,nominal
nom,14816,1QM,9,17,NmCl,NA_,1QM,Qumranic,prose,Q,PS,W,4,NP,und,1,PP,det,3,Undc,neg,Hebrew,_,0,0,1,0,0,0,0,0,0,0,0,0,0,1,0,0,0,0,0,0,0,0,0,0,0,0,0,nominal
nom,14824,1QM,9,21,AjCl,NA_,1QM,Qumranic,prose,Q,PS,KJ,3,NP,det,3,AdjP,NA,1,SubAdv,non_neg,Hebrew,_,0,0,1,0,0,0,0,0,0,0,0,0,0,0,0,0,0,0,0,0,0,0,0,0,0,0,0,nominal
nom,14825,1QM,9,21,NmCl,NA_,1QM,Qumranic,prose,Q,SP,W,3,NP,det,3,PP,det,3,Main,non_neg,Hebrew,_,0,0,1,0,0,0,0,0,0,0,0,0,0,0,0,0,0,0,0,0,0,0,0,0,0,0,0,nominal
nom,14838,1QM,10,1,NmCl,NA_,1QM,Qumranic,prose,?,SP,KJ,3,PPrP,det,1,NP,und,4,Main,non_neg,Hebrew,_,0,0,1,0,0,0,0,0,0,0,0,0,0,0,0,0,0,0,0,0,0,0,0,0,0,0,0,no_mother
nom,14841,1QM,10,2,NmCl,NA_,1QM,Qumranic,prose,?,SP,W,3,NP,und,2,PP,und,3,Main,non_neg,Hebrew,_,0,0,1,0,0,0,0,0,0,0,0,0,0,0,0,0,0,0,0,0,0,0,0,0,0,0,0,nominal
nom,14842,1QM,10,2,NmCl,NA_,1QM,Qumranic,prose,?,SP,W,3,NP,und,1,PP,und,4,Main,non_neg,Hebrew,_,0,0,1,0,0,0,0,0,0,0,0,0,0,0,0,0,0,0,0,0,0,0,0,0,0,0,0,nominal
nom,14851,1QM,10,4,NmCl,NA_,1QM,Qumranic,prose,?,SP,W,3,NP,det,12,PP,det,2,Main,non_neg,Hebrew,_,0,0,1,0,0,0,0,0,0,0,0,0,0,0,0,0,0,0,0,0,0,0,0,0,0,0,0,perf
nom,14876,1QM,10,11,NmCl,NA_,1QM,Qumranic,prose,Q,SP,KJ,3,PPrP,det,1,NP,und,2,SubAdv,non_neg,Hebrew,_,0,0,1,0,0,0,0,0,0,0,0,0,0,0,0,0,0,0,0,0,0,0,0,0,0,0,0,impf
nom,14877,1QM,10,11,NmCl,NA_,1QM,Qumranic,prose,Q,PS,W,3,NP,det,3,PP,und,2,Main,non_neg,Hebrew,_,0,0,1,0,0,0,0,0,0,0,0,0,0,0,0,0,0,0,0,0,0,0,0,0,0,0,0,nominal
nom,14878,1QM,10,11,NmCl,NA_,1QM,Qumranic,prose,Q,PS,W,3,NP,det,2,PP,det,2,Main,non_neg,Hebrew,_,0,0,1,0,0,0,0,0,0,0,0,0,0,0,0,0,0,0,0,0,0,0,0,0,0,0,0,nominal
nom,14881,1QM,10,12,NmCl,NA_,1QM,Qumranic,prose,Q,SP,W,3,NP,det,2,PP,und,3,Main,non_neg,Hebrew,_,0,0,1,0,0,0,0,0,0,0,0,0,0,0,0,0,0,0,0,0,0,0,0,0,0,0,0,nominal
nom,14889,1QM,10,12,NmCl,NA_,1QM,Qumranic,prose,Q,PS,KJ,3,NP,det,4,NP,und,2,SubAdv,non_neg,Hebrew,_,0,0,1,0,0,0,0,0,0,0,0,0,0,0,0,0,0,0,0,0,0,0,0,0,0,0,0,impv
nom,14989,1QM,11,11,NmCl,NA_,1QM,Qumranic,prose,Q,PS,no_conj,2,NP,det,2,PP,und,5,Main,non_neg,Hebrew,_,0,0,0,0,0,0,0,0,0,0,0,0,0,0,0,0,0,0,0,0,0,0,0,0,0,0,0,impf
nom,15000,1QM,11,14,NmCl,NA_,1QM,Qumranic,prose,?,SP,no_conj,2,NP,det,2,PPrP,det,2,Main,non_neg,Hebrew,_,0,0,0,0,0,0,0,0,0,0,0,0,0,0,0,0,0,0,0,0,0,0,0,0,0,0,0,perf
nom,15007,1QM,11,16,NmCl,NA_,1QM,Qumranic,prose,?,SP,no_conj,2,NP,und,3,PP,und,3,Main,non_neg,Hebrew,_,0,0,0,0,0,0,0,0,0,0,0,0,0,0,0,0,0,0,0,0,0,0,0,0,0,0,0,infc
hyh,15040,1QM,11,26,WXYq,NA_,1QM,Qumranic,prose,Q,SP,W,3,NP,det,2,VP,NA,1,Undc,non_neg,Hebrew,_,0,0,1,0,0,0,0,0,0,0,0,0,0,0,0,0,0,0,0,0,0,0,0,0,0,0,0,impf
nom,15114,1QM,12,14,NmCl,NA_,1QM,Qumranic,prose,Q,PS,no_conj,2,NP,det,2,PP,det,2,Main,non_neg,Hebrew,_,0,0,0,0,0,0,0,0,0,0,0,0,0,0,0,0,0,0,0,0,0,0,0,0,0,0,0,nominal
nom,15115,1QM,12,14,NmCl,NA_,1QM,Qumranic,prose,Q,PS,W,3,NP,det,2,PP,det,3,Main,non_neg,Hebrew,_,0,0,1,0,0,0,0,0,0,0,0,0,0,0,0,0,0,0,0,0,0,0,0,0,0,0,0,nominal
nom,15131,1QM,12,17,AjCl,NA_,1QM,Qumranic,prose,?,PS,KJ,3,NP,det,2,AdjP,NA,1,SubAdv,non_neg,Hebrew,_,0,0,1,0,0,0,0,0,0,0,0,0,0,0,0,0,0,0,0,0,0,0,0,0,0,0,0,nominal
nom,15132,1QM,12,17,NmCl,NA_,1QM,Qumranic,prose,Q,SP,W,3,NP,det,3,PP,det,2,Main,non_neg,Hebrew,_,0,0,1,0,0,0,0,0,0,0,0,0,0,0,0,0,0,0,0,0,0,0,0,0,0,0,0,nominal
nom,15164,1QM,12,27,NmCl,NA_,1QM,Qumranic,prose,Q,SP,W,3,PrNP,det,1,PP,und,3,Main,non_neg,Hebrew,_,0,0,1,0,0,0,0,0,0,0,0,0,0,0,0,0,0,0,0,0,0,0,0,0,0,0,0,impv
nom,15182,1QS,1,1,NmCl,NA_,1QS,Qumranic,prose,?,PS,no_conj,3,NP,det,4,PP,det,3,Main,non_neg,Hebrew,_,0,0,0,0,0,0,0,0,0,0,0,0,0,0,0,0,0,0,0,0,0,0,0,0,0,0,1,no_mother
hyh,15228,1QS,2,2,WxYX,NA_,1QS,Qumranic,prose,?,SP,W,4,NP,det,5,VP,NA,1,Main,non_neg,Hebrew,_,0,0,1,0,0,0,0,0,0,0,0,0,0,0,0,1,0,0,0,0,0,0,0,0,0,0,0,ptca
hyh,15270,1QS,2,15,WxYX,NA_,1QS,Qumranic,prose,Q,PS,W,5,NP,und,1,PP,det,2,Undc,neg,Hebrew,_,1,0,1,0,0,0,0,0,0,0,0,0,0,0,1,0,0,0,0,0,0,0,0,0,0,0,0,impf
hyh,15286,1QS,2,18,XYqt,NA_,1QS,Qumranic,prose,Q,SP,no_conj,2,NP,und,1,PP,det,2,Main,non_neg,Hebrew,_,0,0,0,0,0,0,0,0,0,0,0,0,0,0,0,0,0,0,0,0,0,0,0,0,0,0,0,infc
hyh,15308,1QS,2,27,XYqt,NA_,1QS,Qumranic,prose,?,SP,KJ,3,NP,det,2,PP,und,12,SubAdv,non_neg,Hebrew,_,0,0,1,0,0,0,0,0,0,0,0,0,0,0,0,0,0,0,0,0,0,0,0,0,0,0,0,impf
nom,15318,1QS,2,32,NmCl,NA_,1QS,Qumranic,prose,?,PS,KJ,3,NP,det,2,PP,und,3,SubAdv,non_neg,Hebrew,_,0,0,1,0,0,0,0,0,0,0,0,0,0,0,0,0,0,0,0,0,0,0,0,0,0,0,0,impf
nom,15319,1QS,2,32,NmCl,Coor_,1QS,Qumranic,prose,?,SP,W,3,NP,und,1,PP,det,3,SubAdv,non_neg,Hebrew,_,0,0,1,0,0,0,0,0,0,0,0,0,0,0,0,0,0,0,0,0,0,0,0,0,0,0,0,nominal
nom,15349,1QS,3,2,NmCl,NA_,1QS,Qumranic,prose,?,PS,no_conj,2,NP,und,4,PP,det,4,Main,non_neg,Hebrew,_,0,0,0,0,0,0,0,0,0,0,0,0,0,0,0,0,0,0,0,0,0,0,0,0,0,0,0,nominal
hyh,15353,1QS,3,4,InfC,Adju_,1QS,Qumranic,prose,?,SP,no_conj,3,PPrP,det,1,PP,det,3,SubAdv,non_neg,Hebrew,_,1,0,0,0,0,0,0,0,0,0,0,0,0,0,0,0,0,0,0,0,0,0,0,0,0,0,0,impf
nom,15356,1QS,3,5,NmCl,NA_,1QS,Qumranic,prose,?,PS,no_conj,2,NP,und,2,PP,det,3,Main,non_neg,Hebrew,_,0,0,0,0,0,0,0,0,0,0,0,0,0,0,0,0,0,0,0,0,0,0,0,0,0,0,0,nominal
nom,15361,1QS,3,7,NmCl,NA_,1QS,Qumranic,prose,N,SP,no_conj,2,PPrP,det,1,NP,det,6,Main,non_neg,Hebrew,_,0,0,0,0,0,0,0,0,0,0,0,0,0,0,0,0,0,0,0,0,0,0,0,0,0,0,0,wayq
nom,15362,1QS,3,8,NmCl,NA_,1QS,Qumranic,prose,N,PS,no_conj,2,NP,det,3,PP,und,3,Main,non_neg,Hebrew,_,0,0,0,0,0,0,0,0,0,0,0,0,0,0,0,0,0,0,0,0,0,0,0,0,0,0,0,nominal
nom,15363,1QS,3,8,NmCl,NA_,1QS,Qumranic,prose,N,PS,W,3,NP,det,3,PP,und,3,Main,non_neg,Hebrew,_,0,0,1,0,0,0,0,0,0,0,0,0,0,0,0,0,0,0,0,0,0,0,0,0,0,0,0,nominal
nom,15364,1QS,3,9,NmCl,NA_,1QS,Qumranic,prose,N,PS,no_conj,2,NP,und,4,PP,und,4,Main,non_neg,Hebrew,_,0,0,0,0,0,0,0,0,0,0,0,0,0,0,0,0,0,0,0,0,0,0,0,0,0,0,0,nominal
nom,15366,1QS,3,10,NmCl,NA_,1QS,Qumranic,prose,N,PS,W,3,NP,und,4,PP,und,4,Undc,non_neg,Hebrew,_,0,0,1,0,0,0,0,0,0,0,0,0,0,0,0,0,0,0,0,0,0,0,0,0,0,0,0,nominal
nom,15368,1QS,3,11,NmCl,NA_,1QS,Qumranic,prose,N,PS,W,3,NP,und,4,PP,und,3,Undc,non_neg,Hebrew,_,0,0,1,0,0,0,0,0,0,0,0,0,0,0,0,0,0,0,0,0,0,0,0,0,0,0,0,nominal
nom,15369,1QS,3,11,NmCl,NA_,1QS,Qumranic,prose,N,SP,W,5,NP,det,13,PP,det,3,Main,non_neg,Hebrew,_,1,0,1,0,0,0,0,0,0,0,0,0,0,0,0,0,0,0,0,0,0,0,0,0,0,0,0,nominal
nom,15370,1QS,3,12,NmCl,NA_,1QS,Qumranic,prose,N,SP,W,3,NP,det,7,PP,det,4,Main,non_neg,Hebrew,_,0,0,1,0,0,0,0,0,0,0,0,0,0,0,0,0,0,0,0,0,0,0,0,0,0,0,0,nominal
nom,15382,1QS,3,18,NmCl,NA_,1QS,Qumranic,prose,?,SP,W,4,DPrP,det,1,NP,det,2,Main,non_neg,Hebrew,_,1,0,1,0,0,0,0,0,0,0,0,0,0,0,0,0,0,0,0,0,0,0,0,0,0,0,0,perf
nom,15391,1QS,3,20,NmCl,NA_,1QS,Qumranic,prose,?,SP,no_conj,2,DPrP,det,1,NP,und,6,Main,non_neg,Hebrew,_,0,0,0,0,0,0,0,0,0,0,0,0,0,0,0,0,0,0,0,0,0,0,0,0,0,0,0,ptca
nom,15408,1QS,3,23,NmCl,NA_,1QS,Qumranic,prose,?,SP,W,4,NP,det,6,PP,und,9,Main,non_neg,Hebrew,_,1,0,1,0,0,0,0,0,0,0,0,0,0,0,0,0,0,0,0,0,0,0,0,0,0,0,0,nominal
nom,15409,1QS,3,23,NmCl,Adju_,1QS,Qumranic,prose,?,SP,L,4,NP,und,3,PP,det,2,SubAdv,neg,Hebrew,_,0,0,1,0,0,0,0,0,0,0,0,0,0,0,1,0,0,0,0,0,0,0,0,0,0,0,0,nominal
nom,15410,1QS,3,24,NmCl,NA_,1QS,Qumranic,prose,?,PS,no_conj,2,NP,und,4,PP,det,2,Main,non_neg,Hebrew,_,0,0,0,0,0,0,0,0,0,0,0,0,0,0,0,0,0,0,0,0,0,0,0,0,0,0,0,perf
nom,15413,1QS,3,25,NmCl,NA_,1QS,Qumranic,prose,?,SP,W,5,NP,det,4,PP,det,3,Main,non_neg,Hebrew,_,1,0,1,0,0,0,0,0,0,0,0,0,0,0,0,0,0,0,0,0,0,0,0,0,1,0,0,nominal
nom,15416,1QS,3,27,NmCl,NA_,1QS,Qumranic,prose,?,PS,no_conj,2,NP,und,2,NP,und,2,Main,non_neg,Hebrew,_,0,0,0,0,0,0,0,0,0,0,0,0,0,0,0,0,0,0,0,0,0,0,0,0,0,0,0,nominal
nom,15417,1QS,3,27,NmCl,NA_,1QS,Qumranic,prose,?,PS,W,3,NP,und,3,NP,und,2,Undc,non_neg,Hebrew,_,0,0,1,0,0,0,0,0,0,0,0,0,0,0,0,0,0,0,0,0,0,0,0,0,0,0,0,nominal
nom,15418,1QS,3,28,NmCl,NA_,1QS,Qumranic,prose,?,SP,W,3,NP,und,2,PP,det,4,Main,non_neg,Hebrew,_,0,0,1,0,0,0,0,0,0,0,0,0,0,0,0,0,0,0,0,0,0,0,0,0,0,0,0,nominal
nom,15434,1QS,3,33,NmCl,Coor_,1QS,Qumranic,prose,?,PS,W,3,NP,und,3,PP,det,2,SubAdv,non_neg,Hebrew,_,0,0,1,0,0,0,0,0,0,0,0,0,0,0,0,0,0,0,0,0,0,0,0,0,0,0,0,perf
hyh,15436,1QS,3,34,ZYqX,NA_,1QS,Qumranic,prose,?,PS,no_conj,2,NP,und,3,PP,und,2,Main,non_neg,Hebrew,_,0,0,0,0,0,0,0,0,0,0,0,0,0,0,0,0,0,0,0,0,0,0,0,0,0,0,0,nominal
nom,15449,1QS,4,1,NmCl,NA_,1QS,Qumranic,prose,?,SP,W,3,DPrP,det,1,NP,det,6,Main,non_neg,Hebrew,_,0,0,1,0,0,0,0,0,0,0,0,0,0,0,0,0,0,0,0,0,0,0,0,0,0,0,0,no_mother
nom,15473,1QS,4,4,NmCl,NA_,1QS,Qumranic,prose,?,SP,W,4,DPrP,det,1,NP,det,3,Main,non_neg,Hebrew,_,1,0,1,0,0,0,0,0,0,0,0,0,0,0,0,0,0,0,0,0,0,0,0,0,0,0,0,nominal
nom,15517,1QS,4,14,NmCl,Attr_,1QS,Qumranic,prose,Q,SP,>CR,3,NP,und,1,PP,det,3,SubMod,non_neg,Hebrew,_,0,0,0,0,0,0,0,0,0,0,0,0,0,0,0,0,0,0,0,0,0,0,1,0,0,0,0,impv
nom,15524,1QS,4,16,NmCl,NA_,1QS,Qumranic,prose,?,PS,KJ,3,NP,und,1,NP,und,1,SubAdv,non_neg,Hebrew,_,0,0,1,0,0,0,0,0,0,0,0,0,0,0,0,0,0,0,0,0,0,0,0,0,0,0,0,impf
nom,15528,1QS,4,17,NmCl,NA_,1QS,Qumranic,prose,?,SP,W,4,NP,det,3,PP,und,2,Main,non_neg,Hebrew,_,1,0,1,0,0,0,0,0,0,0,0,0,0,0,0,0,0,0,0,0,0,0,0,0,0,0,0,impf
nom,15529,1QS,4,17,NmCl,NA_,1QS,Qumranic,prose,?,SP,W,3,NP,und,1,PP,det,4,Main,non_neg,Hebrew,_,0,0,1,0,0,0,0,0,0,0,0,0,0,0,0,0,0,0,0,0,0,0,0,0,0,0,0,nominal
hyh,15564,1QS,4,29,xYqX,Attr_,1QS,Qumranic,prose,?,PS,>CR,3,NP,und,6,AdvP,NA,1,SubMod,non_neg,Hebrew,_,0,0,0,0,0,0,0,0,0,0,0,0,0,0,0,0,0,0,0,0,0,0,1,0,0,0,0,impf
hyh,15579,1QS,4,32,xYqX,Attr_,1QS,Qumranic,prose,?,PS,>CR,3,NP,det,2,AdvP,NA,1,SubMod,non_neg,Hebrew,_,0,0,0,0,0,0,0,0,0,0,0,0,0,0,0,0,0,0,0,0,0,0,1,0,0,0,0,impf
nom,15587,1QS,4,34,NmCl,NA_,1QS,Qumranic,prose,?,SP,no_conj,2,DPrP,det,2,NP,det,6,Main,non_neg,Hebrew,_,0,0,0,0,0,0,0,0,0,0,0,0,0,0,0,0,0,0,0,0,0,0,0,0,0,0,0,impf
nom,15588,1QS,4,35,NmCl,Adju_,1QS,Qumranic,prose,?,SP,no_conj,2,NP,und,1,PP,det,3,SubAdv,non_neg,Hebrew,_,0,0,0,0,0,0,0,0,0,0,0,0,0,0,0,0,0,0,0,0,0,0,0,0,0,0,0,nominal
nom,15607,1QS,4,41,NmCl,Attr_,1QS,Qumranic,prose,?,PS,>CR,4,NP,und,1,PP,det,2,SubMod,non_neg,Hebrew,_,0,0,0,0,0,1,0,0,0,0,0,0,0,0,0,0,0,0,0,0,0,0,1,0,0,0,0,no_pred
nom,15613,1QS,4,41,NmCl,NA_,1QS,Qumranic,prose,Q,PS,no_conj,3,NP,und,1,PP,det,2,Main,non_neg,Hebrew,_,0,0,0,0,0,1,0,0,0,0,0,0,0,0,0,0,0,0,0,0,0,0,0,0,0,0,0,perf
hyh,15654,1QS,4,53,WYqX,NA_,1QS,Qumranic,prose,?,SP,W,3,NP,det,2,PP,det,3,Main,non_neg,Hebrew,_,0,0,1,0,0,0,0,0,0,0,0,0,0,0,0,0,0,0,0,0,0,0,0,0,0,0,0,impf
nom,15656,1QS,5,1,NmCl,NA_,1QS,Qumranic,prose,?,SP,W,3,DPrP,det,1,NP,det,2,Main,non_neg,Hebrew,_,0,0,1,0,0,0,0,0,0,0,0,0,0,0,0,0,0,0,0,0,0,0,0,0,0,0,0,no_mother
hyh,15788,1QS,5,29,WQtX,Resu_,1QS,Qumranic,prose,?,SP,W,3,NP,det,2,PP,det,2,Main,non_neg,Hebrew,_,0,0,1,0,0,0,0,0,0,0,0,0,0,0,0,0,0,0,0,0,0,0,0,0,0,0,0,no_pred
nom,15790,1QS,6,1,NmCl,NA_,1QS,Qumranic,prose,?,PS,no_conj,2,NP,und,6,PP,det,4,Main,non_neg,Hebrew,_,0,0,0,0,0,0,0,0,0,0,0,0,0,0,0,0,0,0,0,0,0,0,0,0,0,0,0,no_mother
hyh,15800,1QS,6,2,InfC,Adju_,1QS,Qumranic,prose,?,SP,no_conj,2,DPrP,det,1,PP,det,2,SubAdv,non_neg,Hebrew,_,0,0,0,0,0,0,0,0,0,0,0,0,0,0,0,0,0,0,0,0,0,0,0,0,0,0,0,ptca
nom,15804,1QS,6,3,NmCl,NA_,1QS,Qumranic,prose,?,SP,no_conj,2,PPrP,det,1,NP,det,5,Main,non_neg,Hebrew,_,0,0,0,0,0,0,0,0,0,0,0,0,0,0,0,0,0,0,0,0,0,0,0,0,0,0,0,ptca
hyh,15820,1QS,6,6,InfC,NA_,1QS,Qumranic,prose,?,SP,W,5,DPrP,det,1,PP,det,3,SubAdv,non_neg,Hebrew,_,1,0,1,0,0,0,0,0,0,1,0,0,0,0,0,0,0,0,0,0,0,0,0,0,0,0,0,impf
nom,15827,1QS,6,7,NmCl,NA_,1QS,Qumranic,prose,?,SP,no_conj,2,PPrP,det,1,NP,det,3,Main,non_neg,Hebrew,_,0,0,0,0,0,0,0,0,0,0,0,0,0,0,0,0,0,0,0,0,0,0,0,0,0,0,0,impf
nom,15841,1QS,6,11,NmCl,NA_,1QS,Qumranic,prose,?,SP,W,3,DPrP,det,1,NP,det,2,Main,non_neg,Hebrew,_,0,0,1,0,0,0,0,0,0,0,0,0,0,0,0,0,0,0,0,0,0,0,0,0,0,0,0,impf
nom,15887,1QS,6,27,NmCl,NA_,1QS,Qumranic,prose,?,SP,no_conj,3,DPrP,det,1,NP,det,2,Main,non_neg,Hebrew,_,1,0,0,0,0,0,0,0,0,0,0,0,0,0,0,0,0,0,0,0,0,0,0,0,0,0,0,nominal
nom,15908,1QS,6,30,NmCl,NA_,1QS,Qumranic,prose,?,SP,W,4,NP,det,2,PP,det,3,Main,non_neg,Hebrew,_,1,0,1,0,0,0,0,0,0,0,0,0,0,0,0,0,0,0,0,0,0,0,0,0,0,0,0,infc
nom,15921,1QS,6,32,NmCl,NA_,1QS,Qumranic,prose,?,SP,no_conj,2,PPrP,det,1,NP,und,1,Main,non_neg,Hebrew,_,0,0,0,0,0,0,0,0,0,0,0,0,0,0,0,0,0,0,0,0,0,0,0,0,0,0,0,infc
nom,15928,1QS,6,34,NmCl,NA_,1QS,Qumranic,prose,?,SP,W,6,DPrP,det,1,NP,det,3,Main,non_neg,Hebrew,_,1,0,1,0,0,0,0,0,0,0,0,0,0,0,0,0,0,0,0,0,0,0,0,0,1,0,0,nominal
nom,15929,1QS,6,35,NmCl,NA_,1QS,Qumranic,prose,?,SP,no_conj,3,NP,und,2,PP,und,3,Main,non_neg,Hebrew,_,1,0,0,0,0,0,0,0,0,0,0,0,0,0,0,0,0,0,0,0,0,0,0,0,0,0,0,nominal
nom,15932,1QS,6,35,NmCl,NA_,1QS,Qumranic,prose,?,SP,W,3,NP,und,1,PP,und,2,Main,non_neg,Hebrew,_,0,0,1,0,0,0,0,0,0,0,0,0,0,0,0,0,0,0,0,0,0,0,0,0,0,0,0,nominal
hyh,15934,1QS,6,36,InfC,NA_,1QS,Qumranic,prose,?,SP,W,4,NP,und,1,VP,NA,1,SubAdv,non_neg,Hebrew,_,0,1,1,0,0,0,0,0,0,0,0,0,0,0,0,0,0,0,0,0,0,0,0,0,0,0,0,nominal
nom,15961,1QS,7,4,NmCl,Adju_,1QS,Qumranic,prose,D,SP,no_conj,2,DPrP,det,1,PP,det,2,SubAdv,non_neg,Hebrew,_,0,0,0,0,0,0,0,0,0,0,0,0,0,0,0,0,0,0,0,0,0,0,0,0,0,0,0,nominal
nom,15973,1QS,7,10,NmCl,NA_,1QS,Qumranic,prose,D,SP,W,3,NP,det,3,PP,und,3,Main,non_neg,Hebrew,_,0,0,1,0,0,0,0,0,0,0,0,0,0,0,0,0,0,0,0,0,0,0,0,0,0,0,0,impf
nom,15974,1QS,7,10,NmCl,NA_,1QS,Qumranic,prose,D,SP,W,3,NP,det,3,PP,det,4,Undc,non_neg,Hebrew,_,0,0,1,0,0,0,0,0,0,0,0,0,0,0,0,0,0,0,0,0,0,0,0,0,0,0,0,nominal
nom,16005,1QS,7,20,NmCl,Objc_,1QS,Qumranic,prose,D,PS,KJ,3,NP,und,3,PP,det,3,SubArg,non_neg,Hebrew,_,0,0,1,0,0,0,0,0,0,0,0,0,0,0,0,0,0,0,0,0,0,0,0,0,0,0,0,impf
nom,16006,1QS,7,20,NmCl,Coor_,1QS,Qumranic,prose,D,PS,W,3,NP,det,3,NP,und,1,SubAdv,non_neg,Hebrew,_,0,0,1,0,0,0,0,0,0,0,0,0,0,0,0,0,0,0,0,0,0,0,0,0,0,0,0,nominal
nom,16012,1QS,7,23,NmCl,NA_,1QS,Qumranic,prose,D,PS,KJ,3,NP,und,3,PP,und,2,SubAdv,non_neg,Hebrew,_,0,0,1,0,0,0,0,0,0,0,0,0,0,0,0,0,0,0,0,0,0,0,0,0,0,0,0,impf
nom,16028,1QS,7,29,NmCl,NA_,1QS,Qumranic,prose,D,SP,W,3,NP,und,2,PP,det,3,Main,non_neg,Hebrew,_,0,0,1,0,0,0,0,0,0,0,0,0,0,0,0,0,0,0,0,0,0,0,0,0,0,0,0,impf
nom,16052,1QS,7,34,NmCl,Resu_,1QS,Qumranic,prose,D,PS,no_conj,2,NP,det,2,PP,und,2,Main,non_neg,Hebrew,_,0,0,0,0,0,0,0,0,0,0,0,0,0,0,0,0,0,0,0,0,0,0,0,0,0,0,0,no_pred
nom,16053,1QS,7,34,NmCl,NA_,1QS,Qumranic,prose,D,PS,W,3,NP,det,7,PP,det,3,Main,non_neg,Hebrew,_,0,0,1,0,0,0,0,0,0,0,0,0,0,0,0,0,0,0,0,0,0,0,0,0,0,0,0,nominal
nom,16059,1QS,7,36,NmCl,NA_,1QS,Qumranic,prose,D,PS,no_conj,2,NP,det,3,PP,und,3,Main,non_neg,Hebrew,_,0,0,0,0,0,0,0,0,0,0,0,0,0,0,0,0,0,0,0,0,0,0,0,0,0,0,0,nominal
nom,16062,1QS,7,37,NmCl,Resu_,1QS,Qumranic,prose,D,SP,no_conj,2,PPrP,det,1,NP,det,3,Main,non_neg,Hebrew,_,0,0,0,0,0,0,0,0,0,0,0,0,0,0,0,0,0,0,0,0,0,0,0,0,0,0,0,no_pred
nom,16063,1QS,7,37,NmCl,Coor_,1QS,Qumranic,prose,D,SP,W,3,NP,det,2,NP,det,3,Main,non_neg,Hebrew,_,0,0,1,0,0,0,0,0,0,0,0,0,0,0,0,0,0,0,0,0,0,0,0,0,0,0,0,nominal
nom,16064,1QS,7,38,NmCl,NA_,1QS,Qumranic,prose,D,PS,W,3,NP,det,2,PP,det,4,Main,non_neg,Hebrew,_,0,0,1,0,0,0,0,0,0,0,0,0,0,0,0,0,0,0,0,0,0,0,0,0,0,0,0,nominal
nom,16065,1QS,7,38,NmCl,NA_,1QS,Qumranic,prose,D,SP,no_conj,2,NP,und,4,PP,det,4,Main,non_neg,Hebrew,_,0,0,0,0,0,0,0,0,0,0,0,0,0,0,0,0,0,0,0,0,0,0,0,0,0,0,0,nominal
nom,16075,1QS,7,41,NmCl,NA_,1QS,Qumranic,prose,D,SP,W,3,PPrP,det,1,PP,und,8,Main,non_neg,Hebrew,_,0,0,1,0,0,0,0,0,0,0,0,0,0,0,0,0,0,0,0,0,0,0,0,0,0,0,0,perf
nom,16076,1QS,7,42,NmCl,NA_,1QS,Qumranic,prose,D,SP,no_conj,2,NP,det,10,PP,und,3,Main,non_neg,Hebrew,_,0,0,0,0,0,0,0,0,0,0,0,0,0,0,0,0,0,0,0,0,0,0,0,0,0,0,0,nominal
nom,16078,1QS,7,43,NmCl,NA_,1QS,Qumranic,prose,D,PS,KJ,3,NP,det,2,PP,det,3,SubAdv,non_neg,Hebrew,_,0,0,1,0,0,0,0,0,0,0,0,0,0,0,0,0,0,0,0,0,0,0,0,0,0,0,0,nominal
nom,16080,1QS,7,44,NmCl,NA_,1QS,Qumranic,prose,D,PS,KJ,3,NP,det,2,PP,und,2,Undc,non_neg,Hebrew,_,0,0,1,0,0,0,0,0,0,0,0,0,0,0,0,0,0,0,0,0,0,0,0,0,0,0,0,nominal
nom,16081,1QS,7,44,NmCl,NA_,1QS,Qumranic,prose,D,PS,W,3,NP,det,3,PP,det,3,Main,non_neg,Hebrew,_,0,0,1,0,0,0,0,0,0,0,0,0,0,0,0,0,0,0,0,0,0,0,0,0,0,0,0,nominal
hyh,16082,1QS,7,44,WxQX,NA_,1QS,Qumranic,prose,D,PS,W,3,NP,und,1,PP,det,3,Main,non_neg,Hebrew,_,0,0,1,0,0,0,0,0,0,0,0,0,0,0,0,0,0,0,0,0,0,0,0,0,0,0,0,nominal
nom,16088,1QS,7,46,NmCl,NA_,1QS,Qumranic,prose,D,SP,no_conj,3,NP,und,2,NP,det,2,Main,non_neg,Hebrew,_,0,0,0,0,0,0,0,0,0,0,0,0,0,0,0,0,0,0,0,0,0,0,0,0,1,0,0,impf
hyh,16112,1QS,7,54,WXQt,NA_,1QS,Qumranic,prose,Q,SP,W,3,NP,det,3,PP,det,3,Main,non_neg,Hebrew,_,0,0,1,0,0,0,0,0,0,0,0,0,0,0,0,0,0,0,0,0,0,0,0,0,0,0,0,perf
nom,16113,1QS,7,55,NmCl,NA_,1QS,Qumranic,prose,Q,SP,W,4,NP,und,1,PP,det,2,Main,neg,Hebrew,_,0,0,1,0,0,0,0,0,0,0,0,0,0,0,1,0,0,0,0,0,0,0,0,0,0,0,0,perf
nom,16120,1QS,7,57,NmCl,NA_,1QS,Qumranic,prose,Q,PS,W,5,PPrP,det,4,IPrP,und,1,Main,non_neg,Hebrew,_,1,0,1,0,0,0,0,0,0,0,0,1,0,0,0,0,0,0,0,0,0,0,0,0,0,0,0,perf
nom,16124,1QS,7,59,NmCl,Resu_,1QS,Qumranic,prose,Q,PS,no_conj,2,NP,det,2,PP,und,2,Main,non_neg,Hebrew,_,0,0,0,0,0,0,0,0,0,0,0,0,0,0,0,0,0,0,0,0,0,0,0,0,0,0,0,no_pred
nom,16125,1QS,7,59,NmCl,NA_,1QS,Qumranic,prose,Q,PS,W,3,NP,det,2,NP,und,2,Main,non_neg,Hebrew,_,0,0,1,0,0,0,0,0,0,0,0,0,0,0,0,0,0,0,0,0,0,0,0,0,0,0,0,nominal
nom,16126,1QS,7,60,NmCl,NA_,1QS,Qumranic,prose,Q,SP,W,3,PPrP,det,1,NP,und,1,Main,non_neg,Hebrew,_,0,0,1,0,0,0,0,0,0,0,0,0,0,0,0,0,0,0,0,0,0,0,0,0,0,0,0,nominal
nom,16128,1QS,7,60,NmCl,NA_,1QS,Qumranic,prose,Q,PS,W,3,NP,det,2,PP,det,3,Main,non_neg,Hebrew,_,0,0,1,0,0,0,0,0,0,0,0,0,0,0,0,0,0,0,0,0,0,0,0,0,0,0,0,nominal
nom,16141,Kuntillet_Ajrud,19,1,NmCl,NA_,Kuntillet_Ajrud,Epigraphic,prose,Q,PS,no_conj,3,PPrP,det,1,NP,und,1,Main,non_neg,Hebrew,_,0,0,0,0,0,0,0,0,0,0,0,0,0,0,0,0,0,0,0,0,0,1,0,0,0,0,0,impv
nom,16185,Arad,40,1,NmCl,NA_,Arad,Epigraphic,prose,Q,SP,W,3,DPrP,det,1,PP,det,3,Main,non_neg,Hebrew,_,0,0,1,0,0,0,0,0,0,0,0,0,0,0,0,0,0,0,0,0,0,0,0,0,0,0,0,infc
nom,16187,Balaam,1,1,NmCl,NA_,Balaam,Epigraphic,prose,D,SP,no_conj,2,DPrP,det,1,NP,det,4,Main,non_neg,Hebrew,_,0,0,0,0,0,0,0,0,0,0,0,0,0,0,0,0,0,0,0,0,0,0,0,0,0,0,0,no_mother
nom,16188,Balaam,1,1,NmCl,Attr_,Balaam,Epigraphic,prose,D,PS,no_conj,2,PPrP,det,1,NP,und,1,SubMod,non_neg,Hebrew,_,0,0,0,0,0,0,0,0,0,0,0,0,0,0,0,0,0,0,0,0,0,0,0,0,0,0,0,nominal
nom,16219,Balaam,1,5,NmCl,NA_,Balaam,Epigraphic,prose,Q,PS,no_conj,3,NP,und,1,AdvP,NA,1,Main,non_neg,Hebrew,_,0,0,0,0,0,0,0,0,0,0,0,0,0,0,0,0,0,0,0,0,0,0,0,0,1,0,0,impv
nom,16257,Balaam,2,1,NmCl,NA_,Balaam,Epigraphic,prose,?,PS,no_conj,2,NP,und,1,PP,det,2,Main,non_neg,Hebrew,_,0,0,0,0,0,0,0,0,0,0,0,0,0,0,0,0,0,0,0,0,0,0,0,0,0,0,0,nominal
nom,16311,Balaam,2,8,NmCl,NA_,Balaam,Epigraphic,prose,Q,PS,no_conj,2,NP,und,3,PP,det,2,Main,non_neg,Hebrew,_,0,0,0,0,0,0,0,0,0,0,0,0,0,0,0,0,0,0,0,0,0,0,0,0,0,0,0,perf
nom,16319,Ketef_Hinnom,1,1,NmCl,NA_,Ketef_Hinnom,Epigraphic,prose,Q,PS,KJ,3,NP,und,1,PP,det,2,SubAdv,non_neg,Hebrew,_,0,0,1,0,0,0,0,0,0,0,0,0,0,0,0,0,0,0,0,0,0,0,0,0,0,0,0,nominal
nom,16339,Lachish,3,1,AjCl,NA_,Lachish,Epigraphic,prose,Q,SP,KJ,3,NP,det,3,AdjP,NA,1,SubAdv,non_neg,Hebrew,_,0,0,1,0,0,0,0,0,0,0,0,0,0,0,0,0,0,0,0,0,0,0,0,0,0,0,0,impv
nom,16344,Lachish,3,1,AjCl,NA_,Lachish,Epigraphic,prose,Q,PS,no_conj,2,PrNP,det,1,AdjP,NA,1,Main,non_neg,Hebrew,_,0,0,0,0,0,0,0,0,0,0,0,0,0,0,0,0,0,0,0,0,0,0,0,0,0,0,0,perf
nom,16370,Lachish,4,1,NmCl,NA_,Lachish,Epigraphic,prose,D,PS,no_conj,3,NP,und,1,AdvP,NA,1,Main,neg,Hebrew,_,0,0,0,0,0,0,0,0,0,0,0,0,0,1,0,0,0,0,0,0,0,0,0,0,0,0,0,perf
nom,16382,Lachish,5,1,NmCl,NA_,Lachish,Epigraphic,prose,D,PS,no_conj,2,NP,det,2,IPrP,und,1,Main,non_neg,Hebrew,_,0,0,0,0,0,0,0,0,0,0,0,0,0,0,0,0,0,0,0,0,0,0,0,0,0,0,0,impf
nom,16390,Lachish,6,1,NmCl,NA_,Lachish,Epigraphic,prose,Q,SP,no_conj,2,IPrP,und,1,NP,det,2,Main,non_neg,Hebrew,_,0,0,0,0,0,0,0,0,0,0,0,0,0,0,0,0,0,0,0,0,0,0,0,0,0,0,0,impf
nom,16395,Lachish,6,1,AjCl,NA_,Lachish,Epigraphic,prose,Q,SP,W,5,NP,det,3,AdjP,NA,1,Main,neg,Hebrew,_,0,0,1,0,0,0,0,0,1,0,0,0,0,0,1,0,0,0,0,0,0,0,0,0,0,0,0,nominal
nom,16406,Lachish,6,1,AjCl,NA_,Lachish,Epigraphic,prose,Q,PS,no_conj,2,PrNP,det,3,AdjP,NA,1,Main,non_neg,Hebrew,_,0,0,0,0,0,0,0,0,0,0,0,0,0,0,0,0,0,0,0,0,0,0,0,0,0,0,0,impf
hyh,16407,Lachish,6,1,xQtX,NA_,Lachish,Epigraphic,prose,Q,PS,KJ,4,NP,und,1,PP,det,3,SubAdv,neg,Hebrew,_,0,0,1,0,0,0,0,0,0,0,0,0,0,0,1,0,0,0,0,0,0,0,0,0,0,0,0,nominal
nom,16409,Mesha_Stela,1,1,NmCl,NA_,Mesha_Stela,Epigraphic,prose,Q,SP,no_conj,2,PPrP,det,1,PrNP,det,7,Main,non_neg,Hebrew,_,0,0,0,0,0,0,0,0,0,0,0,0,0,0,0,0,0,0,0,0,0,0,0,0,0,0,0,no_mother
nom,16416,Mesha_Stela,1,5,NmCl,NA_,Mesha_Stela,Epigraphic,prose,Q,SP,no_conj,2,PrNP,det,1,NP,det,2,Main,non_neg,Hebrew,_,0,0,0,0,0,0,0,0,0,0,0,0,0,0,0,0,0,0,0,0,0,0,0,0,0,0,0,nominal
nom,16465,Mesha_Stela,1,29,NmCl,NA_,Mesha_Stela,Epigraphic,prose,Q,SP,W,4,NP,und,1,PP,det,7,Main,non_neg,Hebrew,_,0,0,1,0,0,1,0,0,0,0,0,0,0,0,0,0,0,0,0,0,0,0,0,0,0,0,0,perf
nom,16475,Mesha_Stela,1,33,NmCl,NA_,Mesha_Stela,Epigraphic,prose,Q,PS,KJ,3,PPrP,det,1,NP,und,1,SubAdv,non_neg,Hebrew,_,0,0,1,0,0,0,0,0,0,0,0,0,0,0,0,0,0,0,0,0,0,0,0,0,0,0,0,perf
nom,16476,Mesha_Stela,1,33,NmCl,NA_,Mesha_Stela,Epigraphic,prose,Q,SP,KJ,3,NP,det,2,NP,und,1,SubAdv,non_neg,Hebrew,_,0,0,1,0,0,0,0,0,0,0,0,0,0,0,0,0,0,0,0,0,0,0,0,0,0,0,0,perf
hyh,16495,Mesad_Hashavyahu,1,1,xQtX,Resu_,Mesad_Hashavyahu,Epigraphic,prose,D,PS,no_conj,3,NP,det,2,VP,NA,1,Main,non_neg,Hebrew,_,0,0,0,0,0,0,0,0,0,1,0,0,0,0,0,0,0,0,0,0,0,0,0,0,0,0,0,no_pred
hyh,16517,Siloam,1,1,WXQt,NA_,Siloam,Epigraphic,prose,?,SP,W,3,DPrP,det,1,NP,det,3,Main,non_neg,Hebrew,_,0,0,1,0,0,0,0,0,0,0,0,0,0,0,0,0,0,0,0,0,0,0,0,0,0,0,0,nominal
hyh,16524,Siloam,1,1,xQtX,NA_,Siloam,Epigraphic,prose,N,SP,KJ,4,NP,und,1,PP,det,3,SubAdv,non_neg,Hebrew,_,1,0,1,0,0,0,0,0,0,0,0,0,0,0,0,0,0,0,0,0,0,0,0,0,0,0,0,wayq
hyh,16529,Siloam,1,1,WxQX,NA_,Siloam,Epigraphic,prose,?,PS,W,3,NP,det,7,NP,und,2,Main,non_neg,Hebrew,_,0,0,1,0,0,0,0,0,0,0,0,0,0,0,0,0,0,0,0,0,0,0,0,0,0,0,0,perf
